Name,Start,End,Size
FUN_00112380,0x00112380,0x001123A8,40
FUN_001123a8,0x001123A8,0x00112464,188
FUN_00112468,0x00112468,0x001124C0,88
FUN_001124c0,0x001124C0,0x001126D4,532
FUN_001126d8,0x001126D8,0x001138A4,4536
FUN_001138a8,0x001138A8,0x001138B4,12
FUN_001138b8,0x001138B8,0x00113968,176
FUN_00113968,0x00113968,0x00113A6C,260
FUN_00113a70,0x00113A70,0x00113AC8,88
FUN_00113ae0,0x00113AE0,0x00113B6C,140
FUN_00113b70,0x00113B70,0x00113E8C,796
FUN_00113e90,0x00113E90,0x00113FFC,364
FUN_00114000,0x00114000,0x0011405C,92
FUN_00114060,0x00114060,0x00114438,984
FUN_00114438,0x00114438,0x001144CC,148
FUN_001144d8,0x001144D8,0x001144E4,12
FUN_001144f0,0x001144F0,0x00114514,36
FUN_00114518,0x00114518,0x00114578,96
FUN_00114578,0x00114578,0x001146C8,336
FUN_001146c8,0x001146C8,0x0011491C,596
FUN_00114920,0x00114920,0x00115098,1912
FUN_00115098,0x00115098,0x001150D4,60
FUN_001150d4,0x001150D4,0x001151B4,224
FUN_001151b4,0x001151B4,0x00115248,148
FUN_00115248,0x00115248,0x001152F8,176
FUN_001152f8,0x001152F8,0x001153FC,260
FUN_001153fc,0x001153FC,0x001154BC,192
FUN_001154c0,0x001154C0,0x001154C8,8
FUN_001154c8,0x001154C8,0x001154D0,8
FUN_001154d0,0x001154D0,0x00115578,168
FUN_00115578,0x00115578,0x001155A4,44
FUN_001155a8,0x001155A8,0x001156BC,276
FUN_001156c0,0x001156C0,0x00115744,132
FUN_00115748,0x00115748,0x00115808,192
FUN_00115808,0x00115808,0x00115840,56
FUN_00115840,0x00115840,0x00115A6C,556
FUN_00115a70,0x00115A70,0x00115B70,252
FUN_00115b70,0x00115B70,0x00115CE8,376
FUN_00115ce8,0x00115CE8,0x00115D50,104
FUN_00115d50,0x00115D50,0x00115EE0,400
FUN_00115ee8,0x00115EE8,0x00116064,380
FUN_00116078,0x00116078,0x001160C8,80
FUN_001160c8,0x001160C8,0x001160D8,16
FUN_001160d8,0x001160D8,0x00116108,48
FUN_00116108,0x00116108,0x00116168,96
FUN_00116168,0x00116168,0x001161B0,72
FUN_001161b0,0x001161B0,0x001161E8,56
FUN_001161e8,0x001161E8,0x00116244,92
FUN_00116248,0x00116248,0x001162B8,112
FUN_001162b8,0x001162B8,0x0011631C,100
FUN_00116320,0x00116320,0x001163A0,128
FUN_001163a0,0x001163A0,0x00116408,104
FUN_00116408,0x00116408,0x00116428,32
FUN_00116428,0x00116428,0x001165B8,400
FUN_001165b8,0x001165B8,0x001166CC,276
FUN_001166cc,0x001166CC,0x00116804,312
FUN_00116808,0x00116808,0x001169C4,444
FUN_001169c8,0x001169C8,0x00116A34,108
FUN_00116a38,0x00116A38,0x00116C70,568
FUN_00116c70,0x00116C70,0x00116CA4,52
FUN_00116ca8,0x00116CA8,0x00116CEC,68
FUN_00116cf0,0x00116CF0,0x00116DA4,180
FUN_00116da8,0x00116DA8,0x00116E20,120
FUN_00116e20,0x00116E20,0x00118338,5400
FUN_00118338,0x00118338,0x001184E8,432
FUN_001184e8,0x001184E8,0x001185C8,224
FUN_001185d0,0x001185D0,0x00118630,96
FUN_00118630,0x00118630,0x0011873C,268
SetGsCrt,0x00118750,0x00118760,16
_Exit,0x00118760,0x00118770,16
AddIntcHandler,0x00118790,0x001187A0,16
RemoveIntcHandler,0x001187A0,0x001187B0,16
AddDmacHandler,0x001187B0,0x001187C0,16
AddDmacHandler,0x001187C0,0x001187D0,16
RemoveDmacHandler,0x001187D0,0x001187E0,16
_EnableIntc,0x001187E0,0x001187F0,16
_DisableIntc,0x001187F0,0x00118800,16
_EnableDmac,0x00118800,0x00118810,16
_DisableDmac,0x00118810,0x00118820,16
SetAlarm,0x00118820,0x00118830,16
CreateThread,0x00118850,0x00118860,16
DeleteThread,0x00118860,0x00118870,16
_StartThread,0x00118870,0x00118880,16
TerminateThread,0x00118880,0x00118890,16
ChangeThreadPriority,0x001188A0,0x001188B0,16
RotateThreadReadyQueue,0x001188C0,0x001188D0,16
GetThreadId,0x001188E0,0x001188F0,16
ReferThreadStatus,0x001188F0,0x00118900,16
SleepThread,0x00118900,0x00118910,16
WakeupThread,0x00118910,0x00118920,16
_iWakeupThread,0x00118920,0x00118930,16
SuspendThread,0x00118940,0x00118950,16
EndOfHeap,0x00118960,0x00118970,16
CreateSema,0x00118970,0x00118980,16
DeleteSema,0x00118980,0x00118990,16
SignalSema,0x00118990,0x001189A0,16
iSignalSema,0x001189A0,0x001189B0,16
WaitSema,0x001189B0,0x001189C0,16
PollSema,0x001189C0,0x001189D0,16
SetOsdConfigParam,0x001189E0,0x001189F0,16
GetOsdConfigParam,0x001189F0,0x00118A00,16
EnableCache,0x00118A60,0x00118A70,16
FlushCache,0x00118A80,0x00118A90,16
sceSifStopDma,0x00118AA0,0x00118AB0,16
GetOsdConfigParam2,0x00118AC0,0x00118AD0,16
GsGetIMR,0x00118AD0,0x00118AE0,16
GsPutIMR,0x00118AE0,0x00118AF0,16
SetVSyncFlag,0x00118B00,0x00118B10,16
sceSifDmaStat,0x00118B10,0x00118B20,16
sceSifSetDma,0x00118B20,0x00118B30,16
isceSifSetDma,0x00118B30,0x00118B40,16
sceSifSetDChain,0x00118B40,0x00118B50,16
isceSifSetDChain,0x00118B50,0x00118B60,16
sceSifSetReg,0x00118B60,0x00118B70,16
sceSifGetReg,0x00118B70,0x00118B80,16
Deci2Call,0x00118B90,0x00118BA0,16
GetMemorySize,0x00118BA0,0x00118BB0,16
_InitTLB,0x00118BB0,0x00118BC0,16
FUN_00118bc0,0x00118BC0,0x00118BCC,12
FUN_00118bd0,0x00118BD0,0x00118C60,144
FUN_00118c60,0x00118C60,0x00118D04,164
FUN_00118d08,0x00118D08,0x00118D84,124
FUN_00118d88,0x00118D88,0x00118DFC,116
FUN_00118e00,0x00118E00,0x00118E08,8
FUN_00118e08,0x00118E08,0x00118E10,8
FUN_00118e10,0x00118E10,0x00118EBC,172
FUN_00118ec0,0x00118EC0,0x00118EC8,8
FUN_00118ec8,0x00118EC8,0x00118EDC,20
FUN_00118ee0,0x00118EE0,0x00118F84,164
FUN_00118f88,0x00118F88,0x00119004,124
FUN_00119028,0x00119028,0x00119090,104
FUN_00119090,0x00119090,0x001190F8,104
FUN_001190f8,0x001190F8,0x00119160,104
FUN_00119160,0x00119160,0x001191C8,104
FUN_001191c8,0x001191C8,0x001192A0,216
FUN_001192a0,0x001192A0,0x00119374,212
FUN_00119378,0x00119378,0x0011940C,148
FUN_00119418,0x00119418,0x0011945C,68
FUN_00119468,0x00119468,0x00119498,48
FUN_00119498,0x00119498,0x001194BC,36
FUN_001194c0,0x001194C0,0x001194F4,52
FUN_001194f8,0x001194F8,0x0011952C,52
FUN_00119540,0x00119540,0x00119564,36
FUN_00119568,0x00119568,0x0011958C,36
FUN_00119590,0x00119590,0x001195CC,60
FUN_001195d0,0x001195D0,0x0011960C,60
FUN_00119610,0x00119610,0x001197A4,400
FUN_001197a8,0x001197A8,0x001198F8,336
FUN_001198f8,0x001198F8,0x001199C8,208
FUN_001199c8,0x001199C8,0x00119A84,188
FUN_00119a88,0x00119A88,0x00119AC0,56
FUN_00119ac0,0x00119AC0,0x00119B70,176
FUN_00119b70,0x00119B70,0x00119BA4,52
FUN_00119ba8,0x00119BA8,0x00119C38,144
FUN_00119c38,0x00119C38,0x00119DA0,352
FUN_00119da0,0x00119DA0,0x0011A38C,1516
FUN_0011a390,0x0011A390,0x0011A3C8,56
FUN_0011a3c8,0x0011A3C8,0x0011A428,96
FUN_0011a458,0x0011A458,0x0011A470,24
FUN_0011a480,0x0011A480,0x0011A700,640
FUN_0011a700,0x0011A700,0x0011A734,52
FUN_0011a738,0x0011A738,0x0011A764,44
FUN_0011a768,0x0011A768,0x0011A790,40
FUN_0011a790,0x0011A790,0x0011A8C4,308
FUN_0011a8c8,0x0011A8C8,0x0011A904,60
FUN_0011a908,0x0011A908,0x0011A944,60
FUN_0011a948,0x0011A948,0x0011AA70,296
FUN_0011aa70,0x0011AA70,0x0011AB1C,172
FUN_0011ab20,0x0011AB20,0x0011ACBC,412
FUN_0011acc0,0x0011ACC0,0x0011ACE4,36
FUN_0011ace8,0x0011ACE8,0x0011AD90,168
FUN_0011ad90,0x0011AD90,0x0011ADAC,28
FUN_0011adb0,0x0011ADB0,0x0011ADE0,48
FUN_0011ade0,0x0011ADE0,0x0011AE94,180
FUN_0011ae98,0x0011AE98,0x0011AEF8,96
FUN_0011aef8,0x0011AEF8,0x0011AF44,76
FUN_0011af48,0x0011AF48,0x0011AFF8,176
FUN_0011aff8,0x0011AFF8,0x0011B138,320
FUN_0011b1c8,0x0011B1C8,0x0011B3B4,492
FUN_0011b3b8,0x0011B3B8,0x0011B3F4,60
FUN_0011b410,0x0011B410,0x0011B46C,92
FUN_0011b470,0x0011B470,0x0011B4F8,136
FUN_0011b4f8,0x0011B4F8,0x0011B564,108
FUN_0011b568,0x0011B568,0x0011B8EC,896
FUN_0011b8f0,0x0011B8F0,0x0011B93C,76
FUN_0011b940,0x0011B940,0x0011B96C,44
FUN_0011b970,0x0011B970,0x0011B97C,12
FUN_0011b9b0,0x0011B9B0,0x0011BBB4,516
FUN_0011bbb8,0x0011BBB8,0x0011BC44,140
FUN_0011bc48,0x0011BC48,0x0011BC7C,52
FUN_0011bc80,0x0011BC80,0x0011BF04,644
FUN_0011bf08,0x0011BF08,0x0011C084,380
FUN_0011c088,0x0011C088,0x0011C2C0,564
FUN_0011c2c0,0x0011C2C0,0x0011C520,608
FUN_0011c520,0x0011C520,0x0011C7E0,700
FUN_0011c840,0x0011C840,0x0011C8C8,136
FUN_0011c8c8,0x0011C8C8,0x0011C938,112
FUN_0011c938,0x0011C938,0x0011C9B0,120
FUN_0011c9b0,0x0011C9B0,0x0011C9CC,28
FUN_0011c9e0,0x0011C9E0,0x0011CAE0,256
FUN_0011cae0,0x0011CAE0,0x0011CB6C,140
FUN_0011cb70,0x0011CB70,0x0011CD78,520
FUN_0011cd78,0x0011CD78,0x0011CD94,28
FUN_0011cdd0,0x0011CDD0,0x0011CF0C,316
FUN_0011cf10,0x0011CF10,0x0011CF48,56
FUN_0011cf48,0x0011CF48,0x0011D058,272
FUN_0011d060,0x0011D060,0x0011D070,16
RFU091,0x0011D0A8,0x0011D0B8,16
RFU116_SetSyscall,0x0011D0B8,0x0011D0C8,16
FUN_0011d0c8,0x0011D0C8,0x0011D18C,196
RFU086_WaitEvnetFlag,0x0011D190,0x0011D1A0,16
FUN_0011d1a0,0x0011D1A0,0x0011D1E0,64
FUN_0011d1e0,0x0011D1E0,0x0011D3D4,500
FUN_0011d660,0x0011D660,0x0011D6A8,72
FUN_0011d6a8,0x0011D6A8,0x0011D6C0,24
FUN_0011d6c0,0x0011D6C0,0x0011D708,72
sub_0011D708,0x0011D708,0x0011D740,56
sub_0011D740,0x0011D740,0x0011D780,64
FUN_0011d780,0x0011D780,0x0011D790,16
FUN_0011d798,0x0011D798,0x0011D894,252
RFU116_SetSyscall,0x0011D898,0x0011D8A8,16
FUN_0011d8a8,0x0011D8A8,0x0011D8E4,60
RFU116_SetSyscall,0x0011D8E8,0x0011D8F8,16
FUN_0011d8f8,0x0011D8F8,0x0011D908,16
RFU091,0x0011D940,0x0011D950,16
FUN_0011d950,0x0011D950,0x0011D9B8,104
FUN_0011d9b8,0x0011D9B8,0x0011DA64,172
thunk_FUN_0011d1a0,0x0011DA98,0x0011DAA0,8
FUN_0011daa0,0x0011DAA0,0x0011DAC8,40
RFU116_SetSyscall,0x0011DAD0,0x0011DAE0,16
FUN_0011dae0,0x0011DAE0,0x0011DAF0,16
RFU091,0x0011DB28,0x0011DB38,16
FUN_0011db38,0x0011DB38,0x0011DC0C,212
FUN_0011dc18,0x0011DC18,0x0011DCC8,176
FUN_0011dcc8,0x0011DCC8,0x0011DCE8,32
FUN_0011dce8,0x0011DCE8,0x0011E3D4,1772
FUN_0011e3d8,0x0011E3D8,0x0011E4C4,236
FUN_0011e4c8,0x0011E4C8,0x0011E560,152
FUN_0011e560,0x0011E560,0x0011EBC8,1628
FUN_0011ebc8,0x0011EBC8,0x0011EC28,96
FUN_0011ec28,0x0011EC28,0x0011F1F8,1484
FUN_0011f1f8,0x0011F1F8,0x0011F738,1332
FUN_0011f738,0x0011F738,0x0011F864,300
FUN_0011f868,0x0011F868,0x0011F904,152
FUN_0011f908,0x0011F908,0x0011FB48,576
FUN_0011fb48,0x0011FB48,0x0011FBA0,88
FUN_0011fba0,0x0011FBA0,0x0011FC04,100
FUN_0011fc08,0x0011FC08,0x0011FEB0,680
FUN_0011feb0,0x0011FEB0,0x00120018,356
FUN_00120018,0x00120018,0x0012012C,276
FUN_00120130,0x00120130,0x0012017C,76
FUN_00120180,0x00120180,0x00120238,184
FUN_00120238,0x00120238,0x001202CC,148
FUN_001202d0,0x001202D0,0x00120370,160
FUN_00120370,0x00120370,0x0012039C,44
FUN_001203b0,0x001203B0,0x00120440,144
FUN_00120478,0x00120478,0x001204B8,64
FUN_001204b8,0x001204B8,0x00120558,160
FUN_00120558,0x00120558,0x001205E4,140
FUN_00120610,0x00120610,0x00120678,104
FUN_00120678,0x00120678,0x001206D4,92
FUN_001206d8,0x001206D8,0x00120778,160
FUN_00120828,0x00120828,0x001208BC,148
FUN_001208c0,0x001208C0,0x00120954,148
FUN_001209a0,0x001209A0,0x00120A18,120
FUN_00120a28,0x00120A28,0x00120B98,364
FUN_00120b98,0x00120B98,0x00120C30,152
FUN_00120c30,0x00120C30,0x00120CD0,160
FUN_00120cd0,0x00120CD0,0x00120D3C,108
FUN_00120d40,0x00120D40,0x00120EB0,364
FUN_00120eb0,0x00120EB0,0x00121190,736
FUN_00121190,0x00121190,0x00121388,500
FUN_00121388,0x00121388,0x0012144C,196
FUN_00121450,0x00121450,0x00121630,480
FUN_00121630,0x00121630,0x001216C8,152
FUN_001216c8,0x001216C8,0x00121780,184
FUN_00121780,0x00121780,0x00121878,248
FUN_00121878,0x00121878,0x00121A08,400
FUN_00121a08,0x00121A08,0x00121A14,12
FUN_00121a18,0x00121A18,0x00121AB8,160
FUN_00121ab8,0x00121AB8,0x00121AC8,16
FUN_00121ac8,0x00121AC8,0x00121E3C,884
FUN_00121e40,0x00121E40,0x00121EFC,188
FUN_00121f00,0x00121F00,0x00121FC8,200
FUN_00121fc8,0x00121FC8,0x001221AC,484
FUN_001221b0,0x001221B0,0x00122298,232
FUN_00122298,0x00122298,0x0012232C,148
FUN_00122330,0x00122330,0x00122514,484
FUN_00122658,0x00122658,0x001227D4,380
FUN_00122e68,0x00122E68,0x00122F08,160
FUN_00122f08,0x00122F08,0x00122F78,112
FUN_00122f80,0x00122F80,0x00122FA8,40
FUN_00122fa8,0x00122FA8,0x00122FDC,52
FUN_00122fe0,0x00122FE0,0x00123008,40
FUN_00123008,0x00123008,0x001230E4,220
FUN_001230e8,0x001230E8,0x001232C0,472
FUN_001232c8,0x001232C8,0x00123330,104
FUN_00123350,0x00123350,0x001233E8,152
FUN_001233f0,0x001233F0,0x001235A4,432
FUN_001235b0,0x001235B0,0x001236D4,292
FUN_001236d8,0x001236D8,0x0012370C,52
FUN_00123710,0x00123710,0x001237C8,184
FUN_001237c8,0x001237C8,0x001238A0,216
FUN_00123930,0x00123930,0x00123A44,276
FUN_00123a48,0x00123A48,0x00123BBC,372
FUN_00123bc0,0x00123BC0,0x00123BE4,36
FUN_00123be8,0x00123BE8,0x00123C2C,68
FUN_00123c30,0x00123C30,0x00123D10,220
FUN_00123d68,0x00123D68,0x00123EE4,380
FUN_00123ef0,0x00123EF0,0x00124038,328
FUN_00124038,0x00124038,0x001240BC,132
FUN_001240c0,0x001240C0,0x00124200,320
FUN_00124200,0x00124200,0x001242CC,204
FUN_001242d0,0x001242D0,0x001243E8,280
FUN_001243e8,0x001243E8,0x001244B4,204
FUN_001244b8,0x001244B8,0x0012450C,84
FUN_00124510,0x00124510,0x001246A4,404
FUN_001246a8,0x001246A8,0x00124714,108
FUN_00124718,0x00124718,0x001247E0,200
FUN_001247e0,0x001247E0,0x00124928,328
FUN_00124930,0x00124930,0x00124A1C,236
FUN_00124a20,0x00124A20,0x00124A48,40
FUN_00124a48,0x00124A48,0x00124A84,60
FUN_00124a88,0x00124A88,0x00124BD0,328
FUN_00124bd8,0x00124BD8,0x00124CAC,212
FUN_00124cb0,0x00124CB0,0x00124DA0,240
FUN_00124da0,0x00124DA0,0x00124EDC,316
FUN_00124ee0,0x00124EE0,0x00124F34,84
FUN_00124f38,0x00124F38,0x00124F9C,100
FUN_00124fa0,0x00124FA0,0x00125020,128
FUN_00125020,0x00125020,0x001250D0,176
FUN_001250d8,0x001250D8,0x00125158,128
FUN_00125218,0x00125218,0x00125240,40
FUN_00125240,0x00125240,0x001252B4,116
FUN_001252b8,0x001252B8,0x0012535C,164
FUN_00125360,0x00125360,0x00125408,168
FUN_00125408,0x00125408,0x001254B0,168
FUN_001254f0,0x001254F0,0x00125740,592
FUN_00125740,0x00125740,0x00125E44,1796
FUN_00125e48,0x00125E48,0x00126264,1052
FUN_00126268,0x00126268,0x00127238,728
FUN_00127238,0x00127238,0x00127260,40
FUN_00127260,0x00127260,0x0012745C,508
FUN_00127460,0x00127460,0x0012747C,28
FUN_00127480,0x00127480,0x00127604,388
FUN_00127608,0x00127608,0x00127718,272
FUN_00127718,0x00127718,0x00127820,264
FUN_00127820,0x00127820,0x0012794C,300
FUN_00127950,0x00127950,0x00127B40,496
FUN_00127b40,0x00127B40,0x00127BFC,188
FUN_00127c00,0x00127C00,0x001280A8,1192
FUN_001280a8,0x001280A8,0x00128130,136
FUN_00128130,0x00128130,0x001282CC,412
FUN_001282d0,0x001282D0,0x0012841C,332
FUN_00128420,0x00128420,0x0012844C,44
FUN_00128450,0x00128450,0x001284F4,164
FUN_001284f8,0x001284F8,0x001285A8,176
FUN_001285a8,0x001285A8,0x00128720,376
FUN_00128720,0x00128720,0x00128828,264
FUN_00128828,0x00128828,0x00128918,240
FUN_00128918,0x00128918,0x00128A68,336
FUN_00128a68,0x00128A68,0x00128AE4,124
FUN_00128ae8,0x00128AE8,0x00128B4C,100
FUN_00128b50,0x00128B50,0x00128C5C,268
FUN_00128c60,0x00128C60,0x00128D24,196
FUN_00128d28,0x00128D28,0x00128E50,292
FUN_00128e50,0x00128E50,0x00129040,496
FUN_00129040,0x00129040,0x00129088,68
FUN_00129088,0x00129088,0x001290FC,116
FUN_00129100,0x00129100,0x001291A0,160
FUN_001291a0,0x001291A0,0x00129264,196
FUN_00129268,0x00129268,0x0012935C,244
FUN_00129360,0x00129360,0x001293F0,144
FUN_001293f0,0x001293F0,0x001294BC,204
FUN_001294c0,0x001294C0,0x00129550,144
FUN_00129550,0x00129550,0x00129804,692
FUN_00129808,0x00129808,0x001298A8,160
FUN_001298a8,0x001298A8,0x00129B38,656
FUN_00129b60,0x00129B60,0x00129CEC,396
FUN_00129cf0,0x00129CF0,0x00129E00,312
FUN_00129e00,0x00129E00,0x00129FB8,440
FUN_00129fb8,0x00129FB8,0x0012A124,364
FUN_0012a128,0x0012A128,0x0012A1AC,132
FUN_0012a1b0,0x0012A1B0,0x0012A2D8,296
FUN_0012a418,0x0012A418,0x0012A5D8,448
FUN_0012a6a8,0x0012A6A8,0x0012A930,648
FUN_0012a930,0x0012A930,0x0012A964,52
FUN_0012a968,0x0012A968,0x0012A984,28
FUN_0012a988,0x0012A988,0x0012AA20,152
FUN_0012aa20,0x0012AA20,0x0012AA6C,76
FUN_0012aa70,0x0012AA70,0x0012AAB4,68
FUN_0012aab8,0x0012AAB8,0x0012AB0C,84
FUN_0012ab10,0x0012AB10,0x0012AB3C,44
FUN_0012ab40,0x0012AB40,0x0012ABC8,136
FUN_0012abd0,0x0012ABD0,0x0012AEC8,756
FUN_0012aec8,0x0012AEC8,0x0012AFBC,244
FUN_0012afc0,0x0012AFC0,0x0012B110,336
FUN_0012b110,0x0012B110,0x0012B17C,104
FUN_0012b180,0x0012B180,0x0012B730,1456
FUN_0012b730,0x0012B730,0x0012B7D8,168
FUN_0012b7d8,0x0012B7D8,0x0012B9E0,520
FUN_0012b9e0,0x0012B9E0,0x0012B9E8,8
FUN_0012b9f0,0x0012B9F0,0x0012BA38,72
FUN_0012ba48,0x0012BA48,0x0012BA54,12
FUN_0012ba58,0x0012BA58,0x0012BA68,16
FUN_0012ba68,0x0012BA68,0x0012BAB8,80
FUN_0012bab8,0x0012BAB8,0x0012BB0C,84
FUN_0012bb10,0x0012BB10,0x0012BB34,36
FUN_0012bb38,0x0012BB38,0x0012BB88,80
FUN_0012bb88,0x0012BB88,0x0012BBAC,36
FUN_0012bbe8,0x0012BBE8,0x0012BBFC,20
FUN_0012bc00,0x0012BC00,0x0012BC0C,12
FUN_0012bc10,0x0012BC10,0x0012BC1C,12
FUN_0012bc20,0x0012BC20,0x0012BC8C,108
FUN_0012bc90,0x0012BC90,0x0012BE00,232
FUN_0012be00,0x0012BE00,0x0012BF14,276
FUN_0012bf18,0x0012BF18,0x0012BF5C,68
FUN_0012bf60,0x0012BF60,0x0012C0BC,348
FUN_0012c0c0,0x0012C0C0,0x0012C128,104
FUN_0012c128,0x0012C128,0x0012C134,12
FUN_0012c138,0x0012C138,0x0012C1B4,124
FUN_0012c1b8,0x0012C1B8,0x0012C218,96
FUN_0012c218,0x0012C218,0x0012C2E0,200
FUN_0012c2e0,0x0012C2E0,0x0012C2F0,16
FUN_0012c2f0,0x0012C2F0,0x0012C324,52
FUN_0012c328,0x0012C328,0x0012C37C,84
FUN_0012c380,0x0012C380,0x0012C3A0,32
FUN_0012c3a0,0x0012C3A0,0x0012C770,972
FUN_0012c770,0x0012C770,0x0012C850,224
FUN_0012c850,0x0012C850,0x0012C930,224
FUN_0012c930,0x0012C930,0x0012CA60,304
FUN_0012ca60,0x0012CA60,0x0012CAEC,140
FUN_0012cb50,0x0012CB50,0x0012CBB4,100
FUN_0012cbb8,0x0012CBB8,0x0012CC1C,100
FUN_0012cd08,0x0012CD08,0x0012CE58,336
FUN_0012ce58,0x0012CE58,0x0012CEC0,104
FUN_0012cec0,0x0012CEC0,0x0012CF24,100
FUN_0012cf28,0x0012CF28,0x0012D160,568
FUN_0012d160,0x0012D160,0x0012D1FC,156
FUN_0012d200,0x0012D200,0x0012D240,64
FUN_0012d240,0x0012D240,0x0012D2A0,96
FUN_0012d2b0,0x0012D2B0,0x0012D2FC,76
FUN_0012d308,0x0012D308,0x0012D370,104
FUN_0012d370,0x0012D370,0x0012D39C,44
FUN_0012d3a0,0x0012D3A0,0x0012D3C0,32
FUN_0012d3c0,0x0012D3C0,0x0012D428,104
FUN_0012d428,0x0012D428,0x0012D490,104
FUN_0012d490,0x0012D490,0x0012D544,180
FUN_0012d548,0x0012D548,0x0012D5EC,164
FUN_0012d5f0,0x0012D5F0,0x0012D620,48
FUN_0012d620,0x0012D620,0x0012D644,36
FUN_0012d648,0x0012D648,0x0012D6D4,136
FUN_0012d6d8,0x0012D6D8,0x0012D720,72
entry,0x0012D728,0x0012D8E8,448
FUN_0012d8e8,0x0012D8E8,0x0012D8F0,8
FUN_0012d8f8,0x0012D8F8,0x0012D9D4,220
FUN_0012d9d8,0x0012D9D8,0x0012DA24,76
FUN_0012da28,0x0012DA28,0x0012DC80,600
FUN_0012dc80,0x0012DC80,0x0012DE60,480
FUN_0012de70,0x0012DE70,0x0012DEF8,136
FUN_0012def8,0x0012DEF8,0x0012DF14,28
FUN_0012df20,0x0012DF20,0x0012E074,340
FUN_0012e088,0x0012E088,0x0012E198,268
FUN_0012e1a8,0x0012E1A8,0x0012E1D4,44
FUN_0012e1d8,0x0012E1D8,0x0012E208,48
FUN_0012e208,0x0012E208,0x0012E23C,52
FUN_0012e240,0x0012E240,0x0012E270,48
FUN_0012e280,0x0012E280,0x0012E2B4,52
FUN_0012e2b8,0x0012E2B8,0x0012E2F4,60
FUN_0012e308,0x0012E308,0x0012E350,72
FUN_0012e368,0x0012E368,0x0012E398,48
FUN_0012e3b8,0x0012E3B8,0x0012E3E4,44
FUN_0012e3e8,0x0012E3E8,0x0012E418,48
FUN_0012e418,0x0012E418,0x0012E448,48
FUN_0012e448,0x0012E448,0x0012E478,48
FUN_0012e4c0,0x0012E4C0,0x0012E508,72
FUN_0012e548,0x0012E548,0x0012E6DC,396
FUN_0012e6e0,0x0012E6E0,0x0012E9A0,704
FUN_0012e9a0,0x0012E9A0,0x0012E9D8,56
FUN_0012e9d8,0x0012E9D8,0x0012EAEC,276
FUN_0012eaf0,0x0012EAF0,0x0012EAFC,12
FUN_0012eb00,0x0012EB00,0x0012EB20,32
FUN_0012eb20,0x0012EB20,0x0012EBCC,172
FUN_0012ebd0,0x0012EBD0,0x0012EBFC,44
FUN_0012ec08,0x0012EC08,0x0012EC6C,100
FUN_0012ec70,0x0012EC70,0x0012ECA0,48
FUN_0012eca0,0x0012ECA0,0x0012ECD0,48
FUN_0012ecd0,0x0012ECD0,0x0012ED00,48
FUN_0012ed00,0x0012ED00,0x0012ED30,48
FUN_0012ed30,0x0012ED30,0x0012ED58,40
FUN_0012ed58,0x0012ED58,0x0012EE08,176
FUN_0012ee08,0x0012EE08,0x0012EEA4,156
FUN_0012eea8,0x0012EEA8,0x0012EEEC,68
FUN_0012eef0,0x0012EEF0,0x0012EF28,56
FUN_0012ef28,0x0012EF28,0x0012EF58,48
FUN_0012ef68,0x0012EF68,0x0012EFA8,64
FUN_0012efa8,0x0012EFA8,0x0012EFDC,52
FUN_0012efe0,0x0012EFE0,0x0012F01C,60
FUN_0012f068,0x0012F068,0x0012F0A4,60
FUN_0012f0a8,0x0012F0A8,0x0012F0CC,36
FUN_0012f0e0,0x0012F0E0,0x0012F104,36
FUN_0012f108,0x0012F108,0x0012F140,56
FUN_0012f148,0x0012F148,0x0012F174,44
FUN_0012f178,0x0012F178,0x0012F19C,36
FUN_0012f1a0,0x0012F1A0,0x0012F1C4,36
FUN_0012f208,0x0012F208,0x0012F2B4,172
FUN_0012f2b8,0x0012F2B8,0x0012F368,176
FUN_0012f368,0x0012F368,0x0012F434,204
FUN_001e9128,0x001E9128,0x001E9140,24
FUN_001e9168,0x001E9168,0x001E9338,464
FUN_001e9338,0x001E9338,0x001E93A4,108
FUN_001e93b0,0x001E93B0,0x001E93E8,56
FUN_001e93e8,0x001E93E8,0x001E93F0,8
FUN_001e93f0,0x001E93F0,0x001E93F8,8
FUN_001e93f8,0x001E93F8,0x001E9400,8
FUN_001e9400,0x001E9400,0x001E9408,8
FUN_001e9408,0x001E9408,0x001E9410,8
FUN_001e9410,0x001E9410,0x001E9418,8
FUN_001e9418,0x001E9418,0x001E9420,8
FUN_001e9420,0x001E9420,0x001E9428,8
FUN_001e9428,0x001E9428,0x001E9430,8
FUN_001e9430,0x001E9430,0x001E9438,8
FUN_001e9438,0x001E9438,0x001E9440,8
FUN_001e9440,0x001E9440,0x001E9448,8
FUN_001e9448,0x001E9448,0x001E9450,8
FUN_001e9450,0x001E9450,0x001E9458,8
FUN_001e9458,0x001E9458,0x001E9460,8
FUN_001e9460,0x001E9460,0x001E9468,8
FUN_001e9468,0x001E9468,0x001E9470,8
FUN_001e9470,0x001E9470,0x001E9478,8
FUN_001e9478,0x001E9478,0x001E9480,8
FUN_001e9480,0x001E9480,0x001E9488,8
FUN_001e9488,0x001E9488,0x001E9658,464
FUN_001e9658,0x001E9658,0x001E9AB4,1112
FUN_001e9ab8,0x001E9AB8,0x001E9B10,88
FUN_001e9b10,0x001E9B10,0x001EA82C,3356
FUN_001ea830,0x001EA830,0x001EAF4C,1820
FUN_001eaf50,0x001EAF50,0x001EAF88,56
FUN_001eaf88,0x001EAF88,0x001EB0A4,284
FUN_001eb0a8,0x001EB0A8,0x001EB40C,868
FUN_001eb410,0x001EB410,0x001EB740,816
FUN_001eb740,0x001EB740,0x001EB798,88
FUN_001eb798,0x001EB798,0x001EB9D0,568
sub_001eb9d0,0x001EB9D0,0x001EBB00,304
sub_001ebb00,0x001EBB00,0x001EBBF8,248
sub_001ebbf8,0x001EBBF8,0x001EBC08,16
sub_001ebc08,0x001EBC08,0x001EBC88,128
FUN_001ebc90,0x001EBC90,0x001EBCEC,92
FUN_001ebcf0,0x001EBCF0,0x001EBD5C,108
FUN_001ebd78,0x001EBD78,0x001EBE5C,228
FUN_001ebe68,0x001EBE68,0x001EBEC8,96
FUN_001ebec8,0x001EBEC8,0x001EBF0C,68
FUN_001ebf10,0x001EBF10,0x001EC210,768
FUN_001ec210,0x001EC210,0x001EC3D4,452
FUN_001ec3d8,0x001EC3D8,0x001EC41C,68
FUN_001ec420,0x001EC420,0x001EC530,272
FUN_001ec530,0x001EC530,0x001EC70C,476
FUN_001ec710,0x001EC710,0x001EC7EC,220
FUN_001ec7f0,0x001EC7F0,0x001EC864,116
FUN_001ec868,0x001EC868,0x001EC8A0,56
FUN_001ec8a0,0x001EC8A0,0x001ECAF4,596
FUN_001ecaf8,0x001ECAF8,0x001ECCD8,480
FUN_001eccd8,0x001ECCD8,0x001ED2B0,1496
FUN_001ed2b0,0x001ED2B0,0x001ED360,176
FUN_001ed360,0x001ED360,0x001ED46C,268
FUN_001ed470,0x001ED470,0x001ED7EC,892
FUN_001ed7f0,0x001ED7F0,0x001ED93C,328
FUN_001ed940,0x001ED940,0x001EDA60,288
FUN_001eda60,0x001EDA60,0x001EDAA8,72
FUN_001edaa8,0x001EDAA8,0x001EDC30,392
FUN_001edc50,0x001EDC50,0x001EE004,948
FUN_001ee008,0x001EE008,0x001EE324,796
FUN_001ee338,0x001EE338,0x001EE4A4,364
FUN_001ee4b0,0x001EE4B0,0x001EE63C,396
FUN_001ee650,0x001EE650,0x001EF9C8,4984
FUN_001ef9c8,0x001EF9C8,0x001EFA68,160
FUN_001efa68,0x001EFA68,0x001F0B58,4336
FUN_001f0b58,0x001F0B58,0x001F0B88,48
FUN_001f0b88,0x001F0B88,0x001F0BC4,60
FUN_001f0bd0,0x001F0BD0,0x001F0C44,116
FUN_001f0c50,0x001F0C50,0x001F0CDC,140
FUN_001f2070,0x001F2070,0x001F21A4,308
FUN_001f21b0,0x001F21B0,0x001F21B8,8
FUN_001f21b8,0x001F21B8,0x001F21C0,8
FUN_001f21c0,0x001F21C0,0x001F225C,156
FUN_001f2260,0x001F2260,0x001F2588,808
FUN_001f2588,0x001F2588,0x001F268C,260
FUN_001f2690,0x001F2690,0x001F2764,212
FUN_001f2768,0x001F2768,0x001F2820,184
FUN_001f2820,0x001F2820,0x001F2C10,1008
FUN_001f2c10,0x001F2C10,0x001F2C60,80
FUN_001f2c60,0x001F2C60,0x001F2D94,308
FUN_001f2d98,0x001F2D98,0x001F33B4,1564
FUN_001f33b8,0x001F33B8,0x001F34E8,304
FUN_001f34e8,0x001F34E8,0x001F37E8,768
FUN_001f37e8,0x001F37E8,0x001F3864,124
FUN_001f3868,0x001F3868,0x001F3954,236
FUN_001f3958,0x001F3958,0x001F39D0,120
FUN_001f39d0,0x001F39D0,0x001F4248,2168
FUN_001f4248,0x001F4248,0x001F427C,52
FUN_001f4280,0x001F4280,0x001F4394,276
FUN_001f4398,0x001F4398,0x001F44B4,284
FUN_001f44b8,0x001F44B8,0x001F4600,328
FUN_001f4600,0x001F4600,0x001F4650,80
FUN_001f4650,0x001F4650,0x001F46C8,120
FUN_001f46c8,0x001F46C8,0x001F4740,120
FUN_001f4740,0x001F4740,0x001F47B8,120
FUN_001f47b8,0x001F47B8,0x001F4808,80
FUN_001f4808,0x001F4808,0x001F4880,120
FUN_001f4880,0x001F4880,0x001F4A58,472
FUN_001f4a58,0x001F4A58,0x001F4BE0,392
FUN_001f4be0,0x001F4BE0,0x001F4D98,440
FUN_001f4d98,0x001F4D98,0x001F4FB8,544
FUN_001f4fb8,0x001F4FB8,0x001F5138,384
FUN_001f5138,0x001F5138,0x001F5210,216
FUN_001f5210,0x001F5210,0x001F52A0,144
FUN_001f52a0,0x001F52A0,0x001F5448,424
FUN_001f5450,0x001F5450,0x001F55D4,388
FUN_001f55d8,0x001F55D8,0x001F5808,560
FUN_001f5808,0x001F5808,0x001F5AB0,680
FUN_001f5ab0,0x001F5AB0,0x001F5F0C,1116
FUN_001f5f18,0x001F5F18,0x001F605C,324
FUN_001f6060,0x001F6060,0x001F61E4,388
FUN_001f61e8,0x001F61E8,0x001F61F4,12
FUN_001f61f8,0x001F61F8,0x001F6200,8
FUN_001f6200,0x001F6200,0x001F6250,80
FUN_001f6250,0x001F6250,0x001F6270,32
FUN_001f6270,0x001F6270,0x001F6290,32
FUN_001f6290,0x001F6290,0x001F62B0,32
FUN_001f62b0,0x001F62B0,0x001F6530,640
FUN_001f6530,0x001F6530,0x001F65AC,124
FUN_001f65b0,0x001F65B0,0x001F662C,124
FUN_001f6638,0x001F6638,0x001F6924,748
FUN_001f6940,0x001F6940,0x001F69CC,140
FUN_001f69d0,0x001F69D0,0x001F6A5C,140
FUN_001f6a60,0x001F6A60,0x001F6AEC,140
FUN_001f6af0,0x001F6AF0,0x001F6B84,148
FUN_001f6b88,0x001F6B88,0x001F6C1C,148
FUN_001f6c20,0x001F6C20,0x001F6CB4,148
FUN_001f6cb8,0x001F6CB8,0x001F6FD0,792
FUN_001f6fd0,0x001F6FD0,0x001F7070,160
FUN_001f7090,0x001F7090,0x001F7580,1264
FUN_001f7580,0x001F7580,0x001F75EC,108
FUN_001f75f0,0x001F75F0,0x001F765C,108
FUN_001f7668,0x001F7668,0x001F76A0,56
FUN_001f76a0,0x001F76A0,0x001F7888,488
FUN_001f7888,0x001F7888,0x001F7974,236
FUN_001f7978,0x001F7978,0x001F79A4,44
FUN_001f79a8,0x001F79A8,0x001F7A30,136
FUN_001f7a30,0x001F7A30,0x001F7A84,84
FUN_001f7a98,0x001F7A98,0x001F7C10,376
FUN_001f7d30,0x001F7D30,0x001F82E4,1460
FUN_001f82e4,0x001F82E4,0x001F8364,128
FUN_001f8364,0x001F8364,0x001F83A4,64
FUN_001f83a4,0x001F83A4,0x001F89A0,540
FUN_001f89a4,0x001F89A4,0x001F8FF0,1612
FUN_001f8ff0,0x001F8FF0,0x001F92A8,696
FUN_001f92b0,0x001F92B0,0x001F9648,920
FUN_001f96e8,0x001F96E8,0x001F96F8,16
FUN_001f96f8,0x001F96F8,0x001F9720,40
FUN_001f9740,0x001F9740,0x001F9770,48
FUN_001f9770,0x001F9770,0x001F97A0,48
FUN_001f97a0,0x001F97A0,0x001F97B0,16
FUN_001f97b0,0x001F97B0,0x001F97C0,16
FUN_001f97c0,0x001F97C0,0x001F97E8,40
FUN_001f97e8,0x001F97E8,0x001F9810,40
FUN_001f9810,0x001F9810,0x001F9838,40
FUN_001f9838,0x001F9838,0x001F98D0,152
FUN_001f98d0,0x001F98D0,0x001F98F8,40
FUN_001f98f8,0x001F98F8,0x001F9928,48
FUN_001f9928,0x001F9928,0x001F9958,48
FUN_001f9958,0x001F9958,0x001F9980,40
FUN_001f9988,0x001F9988,0x001F99A8,32
FUN_001f99a8,0x001F99A8,0x001F99C0,24
FUN_001f99c0,0x001F99C0,0x001F99C8,8
FUN_001f99c8,0x001F99C8,0x001F99D0,8
FUN_001f99d0,0x001F99D0,0x001F99D8,8
FUN_001f99e8,0x001F99E8,0x001F99F8,16
FUN_001f99f8,0x001F99F8,0x001F9A00,8
FUN_001f9a00,0x001F9A00,0x001F9A10,16
FUN_001f9a10,0x001F9A10,0x001F9A28,24
FUN_001f9a28,0x001F9A28,0x001F9A40,24
FUN_001f9a40,0x001F9A40,0x001F9A68,40
FUN_001f9a68,0x001F9A68,0x001F9A80,24
FUN_001f9a80,0x001F9A80,0x001F9A98,24
FUN_001f9a98,0x001F9A98,0x001F9AB0,24
FUN_001f9ab0,0x001F9AB0,0x001F9AD8,40
FUN_001f9ad8,0x001F9AD8,0x001F9AF0,24
FUN_001f9af0,0x001F9AF0,0x001F9B20,48
FUN_001f9b20,0x001F9B20,0x001F9B48,40
FUN_001f9b48,0x001F9B48,0x001F9B80,56
FUN_001f9b80,0x001F9B80,0x001F9BB0,48
FUN_001f9bb0,0x001F9BB0,0x001F9BF8,72
FUN_001f9bf8,0x001F9BF8,0x001F9C48,80
FUN_001f9c48,0x001F9C48,0x001F9C90,72
FUN_001f9c90,0x001F9C90,0x001F9CF8,104
FUN_001f9cf8,0x001F9CF8,0x001F9D20,40
FUN_001f9d20,0x001F9D20,0x001F9D50,48
FUN_001f9d50,0x001F9D50,0x001F9D68,24
FUN_001f9d68,0x001F9D68,0x001F9D90,40
FUN_001f9d98,0x001F9D98,0x001F9DC8,48
FUN_001f9dc8,0x001F9DC8,0x001F9DE0,24
FUN_001f9de0,0x001F9DE0,0x001F9DF8,24
FUN_001f9df8,0x001F9DF8,0x001F9E90,152
FUN_001f9e90,0x001F9E90,0x001F9FA0,272
FUN_001f9fc8,0x001F9FC8,0x001F9FF8,48
FUN_001f9ff8,0x001F9FF8,0x001FA030,56
FUN_001fa030,0x001FA030,0x001FA050,32
FUN_001fa050,0x001FA050,0x001FA070,32
FUN_001fa070,0x001FA070,0x001FA298,552
FUN_001fa298,0x001FA298,0x001FA2B8,32
FUN_001fa2b8,0x001FA2B8,0x001FA2D8,32
FUN_001fa2d8,0x001FA2D8,0x001FA328,80
FUN_001fa328,0x001FA328,0x001FA378,80
FUN_001fa378,0x001FA378,0x001FA3C0,72
FUN_001fa3c0,0x001FA3C0,0x001FA400,64
FUN_001fa400,0x001FA400,0x001FA480,128
FUN_001fa480,0x001FA480,0x001FA4F8,120
FUN_001fa4f8,0x001FA4F8,0x001FA580,136
FUN_001fa580,0x001FA580,0x001FA5C8,72
FUN_001fa5c8,0x001FA5C8,0x001FA610,72
FUN_001fa610,0x001FA610,0x001FA688,120
FUN_001fa688,0x001FA688,0x001FA6C0,56
FUN_001fa6c0,0x001FA6C0,0x001FA6D0,16
FUN_001fa6d0,0x001FA6D0,0x001FA6E0,16
FUN_001fa6e0,0x001FA6E0,0x001FA728,72
FUN_001fa728,0x001FA728,0x001FA820,248
FUN_001fa820,0x001FA820,0x001FA85C,60
FUN_001fa860,0x001FA860,0x001FA958,248
FUN_001fa978,0x001FA978,0x001FB27C,2308
FUN_001fb280,0x001FB280,0x001FB2A8,40
FUN_001fb2a8,0x001FB2A8,0x001FB2CC,36
FUN_001fb2d0,0x001FB2D0,0x001FB364,148
FUN_001fb368,0x001FB368,0x001FB3D0,104
FUN_001fb3d0,0x001FB3D0,0x001FB43C,108
FUN_001fb440,0x001FB440,0x001FB67C,572
FUN_001fb680,0x001FB680,0x001FB6DC,92
FUN_001fb6e0,0x001FB6E0,0x001FB73C,92
FUN_001fb740,0x001FB740,0x001FB8F0,432
FUN_001fb8f0,0x001FB8F0,0x001FBAB0,448
FUN_001fbab8,0x001FBAB8,0x001FBC50,408
FUN_001fbc50,0x001FBC50,0x001FCE24,4564
FUN_001fce28,0x001FCE28,0x001FD6E0,2232
FUN_001fd6e0,0x001FD6E0,0x001FD744,100
FUN_001fd748,0x001FD748,0x001FDC04,1212
FUN_001fdca0,0x001FDCA0,0x001FDD0C,108
FUN_001fdd10,0x001FDD10,0x001FDD50,64
FUN_001fdd58,0x001FDD58,0x001FDE8C,308
FUN_001fde90,0x001FDE90,0x001FE894,2564
FUN_001fe898,0x001FE898,0x001FE97C,228
FUN_001fe980,0x001FE980,0x001FECC4,836
FUN_001fecc8,0x001FECC8,0x001FED2C,100
FUN_001fed30,0x001FED30,0x001FEE30,256
FUN_001fee38,0x001FEE38,0x001FEE84,76
FUN_001fee88,0x001FEE88,0x001FEFBC,308
FUN_001fefc0,0x001FEFC0,0x001FF120,352
FUN_001ff128,0x001FF128,0x001FF260,312
FUN_001ff260,0x001FF260,0x001FF288,40
FUN_001ff288,0x001FF288,0x001FF2FC,116
FUN_001ff308,0x001FF308,0x001FF414,268
FUN_001ff418,0x001FF418,0x001FF480,104
FUN_001ff480,0x001FF480,0x001FF500,128
FUN_001ff500,0x001FF500,0x001FF568,104
FUN_001ff570,0x001FF570,0x001FF5E4,116
FUN_001ff658,0x001FF658,0x001FF6D8,128
FUN_001ff768,0x001FF768,0x001FF780,24
FUN_001ff780,0x001FF780,0x001FF954,468
FUN_001ff960,0x001FF960,0x001FFA0C,172
FUN_001ffa10,0x001FFA10,0x001FFC30,544
FUN_001ffc30,0x001FFC30,0x001FFE18,488
FUN_001ffe18,0x001FFE18,0x00200074,604
FUN_00200080,0x00200080,0x00200258,472
FUN_00200258,0x00200258,0x00200468,528
FUN_00200468,0x00200468,0x002005FC,404
FUN_00200600,0x00200600,0x00200954,852
FUN_00200958,0x00200958,0x00200B10,440
FUN_00200b10,0x00200B10,0x00200C80,368
FUN_00200c80,0x00200C80,0x00200E04,388
FUN_00200e08,0x00200E08,0x00200F8C,388
FUN_00200f90,0x00200F90,0x00201110,384
FUN_00201128,0x00201128,0x00201200,216
FUN_00201200,0x00201200,0x002012A8,168
FUN_002012b8,0x002012B8,0x0020151C,612
FUN_00201520,0x00201520,0x002015D4,180
FUN_002015d8,0x002015D8,0x00201650,120
FUN_00201650,0x00201650,0x00201A1C,972
FUN_00201a28,0x00201A28,0x00201BA8,384
FUN_00201ba8,0x00201BA8,0x00201F58,944
FUN_00201f58,0x00201F58,0x00201F84,44
FUN_00201f88,0x00201F88,0x00202270,744
FUN_00202270,0x00202270,0x002026C0,1104
FUN_002026c8,0x002026C8,0x00202800,312
FUN_00202800,0x00202800,0x002028DC,220
FUN_002028e0,0x002028E0,0x00202A98,440
FUN_00202a98,0x00202A98,0x00202D0C,628
FUN_00202d10,0x00202D10,0x00202D74,100
FUN_00202d78,0x00202D78,0x00202FD0,600
FUN_00202fd0,0x00202FD0,0x0020311C,332
FUN_00203120,0x00203120,0x002032E0,448
FUN_002032e0,0x002032E0,0x00203338,88
FUN_00203338,0x00203338,0x0020363C,772
FUN_00203640,0x00203640,0x0020372C,236
FUN_00203730,0x00203730,0x00203B04,980
FUN_00203b08,0x00203B08,0x002040DC,1492
FUN_002040e0,0x002040E0,0x002043B0,720
FUN_002043b0,0x002043B0,0x00204428,120
FUN_00204428,0x00204428,0x00204788,864
FUN_00204790,0x00204790,0x002049E4,596
FUN_002049f0,0x002049F0,0x00204A40,80
FUN_00204a40,0x00204A40,0x00204CEC,684
FUN_00204cf0,0x00204CF0,0x00204E30,320
FUN_00204e30,0x00204E30,0x00204EF4,196
FUN_00204ef8,0x00204EF8,0x00204F5C,100
FUN_00204f60,0x00204F60,0x00205000,160
FUN_00205000,0x00205000,0x0020509C,156
FUN_002050a0,0x002050A0,0x002050E4,68
FUN_002050e8,0x002050E8,0x00205220,312
FUN_00205220,0x00205220,0x00205274,84
FUN_00205278,0x00205278,0x002053D8,352
FUN_002053d8,0x002053D8,0x0020543C,100
FUN_00205440,0x00205440,0x00205640,512
FUN_00205640,0x00205640,0x0020670C,4300
FUN_00206710,0x00206710,0x00206860,336
FUN_00206860,0x00206860,0x00206978,280
FUN_00206978,0x00206978,0x002069A0,40
FUN_00206bd8,0x00206BD8,0x00206E14,572
FUN_00206e18,0x00206E18,0x00206F50,312
FUN_00206f50,0x00206F50,0x002070FC,428
FUN_00207100,0x00207100,0x002071C0,192
FUN_002071c0,0x002071C0,0x00207250,144
FUN_00207300,0x00207300,0x002073B4,180
FUN_002073b8,0x002073B8,0x0020747C,196
FUN_00207a18,0x00207A18,0x00207AB4,156
FUN_00207b08,0x00207B08,0x00207BB0,168
FUN_00207bb0,0x00207BB0,0x00207C28,120
FUN_00207c28,0x00207C28,0x00207E58,560
FUN_00207e58,0x00207E58,0x00208028,464
FUN_00208030,0x00208030,0x00208280,592
FUN_00208280,0x00208280,0x002083FC,380
FUN_00208408,0x00208408,0x00208500,248
FUN_00208508,0x00208508,0x00208770,616
FUN_00208770,0x00208770,0x0020880C,156
FUN_00208810,0x00208810,0x00208818,8
FUN_00208818,0x00208818,0x0020883C,36
FUN_00208840,0x00208840,0x002088A4,100
FUN_00208f28,0x00208F28,0x00208FA0,120
FUN_00209030,0x00209030,0x00209164,308
FUN_00209168,0x00209168,0x00209294,296
FUN_00209298,0x00209298,0x0020936C,212
FUN_00209370,0x00209370,0x002093D8,104
FUN_002093d8,0x002093D8,0x0020ABAC,6100
FUN_0020abb0,0x0020ABB0,0x0020AC58,168
FUN_0020ac58,0x0020AC58,0x0020AC88,48
FUN_0020ac88,0x0020AC88,0x0020ACC0,56
FUN_0020acc0,0x0020ACC0,0x0020AD34,116
FUN_0020ad38,0x0020AD38,0x0020AD74,60
FUN_0020ad78,0x0020AD78,0x0020AE60,232
FUN_0020ae60,0x0020AE60,0x0020AF1C,188
FUN_0020af20,0x0020AF20,0x0020B174,596
FUN_0020b178,0x0020B178,0x0020B3BC,580
FUN_0020b3c0,0x0020B3C0,0x0020B3E0,32
FUN_0020b3e0,0x0020B3E0,0x0020B418,56
FUN_0020b418,0x0020B418,0x0020B4A4,140
FUN_0020b4a8,0x0020B4A8,0x0020B618,368
FUN_0020b618,0x0020B618,0x0020B94C,748
FUN_0020b8e8,0x0020B8E8,0x0020B908,32
FUN_0020b908,0x0020B908,0x0020B930,40
FUN_0020b950,0x0020B950,0x0020BAF0,416
FUN_0020baf0,0x0020BAF0,0x0020BC00,272
FUN_0020bc00,0x0020BC00,0x0020BD2C,300
FUN_0020bf90,0x0020BF90,0x0020C4F0,1376
FUN_0020c4f8,0x0020C4F8,0x0020C5F0,248
FUN_0020c5f0,0x0020C5F0,0x0020C828,568
FUN_0020c828,0x0020C828,0x0020C880,88
FUN_0020c880,0x0020C880,0x0020C93C,188
FUN_0020c940,0x0020C940,0x0020C9D8,152
FUN_0020c9e0,0x0020C9E0,0x0020CAD4,244
FUN_0020cb10,0x0020CB10,0x0020CB88,120
FUN_0020cb88,0x0020CB88,0x0020CC18,144
FUN_0020cc18,0x0020CC18,0x0020CC5C,68
FUN_0020cc60,0x0020CC60,0x0020CCA8,72
FUN_0020cca8,0x0020CCA8,0x0020CD48,160
FUN_0020cd48,0x0020CD48,0x0020CDE8,160
FUN_0020cdf0,0x0020CDF0,0x0020CEF8,264
FUN_0020cef8,0x0020CEF8,0x0020CFD0,216
FUN_0020cfd0,0x0020CFD0,0x0020D060,144
FUN_0020d060,0x0020D060,0x0020D1A4,324
FUN_0020d1a8,0x0020D1A8,0x0020D1EC,68
FUN_0020d1f0,0x0020D1F0,0x0020D218,40
FUN_0020d218,0x0020D218,0x0020D244,44
FUN_0020d248,0x0020D248,0x0020D274,44
FUN_0020d278,0x0020D278,0x0020D330,184
FUN_0020d330,0x0020D330,0x0020D3B0,128
FUN_0020d3b0,0x0020D3B0,0x0020D45C,172
FUN_0020d460,0x0020D460,0x0020D4E0,128
FUN_0020d4f0,0x0020D4F0,0x0020D510,32
FUN_0020d510,0x0020D510,0x0020D580,112
FUN_0020d580,0x0020D580,0x0020D868,744
FUN_0020d868,0x0020D868,0x0020DB40,728
FUN_0020db40,0x0020DB40,0x0020DBA0,96
FUN_0020dba0,0x0020DBA0,0x0020DC20,128
FUN_0020dc20,0x0020DC20,0x0020DEF8,728
FUN_0020def8,0x0020DEF8,0x0020E098,416
FUN_0020e098,0x0020E098,0x0020E0E0,72
FUN_0020e0e0,0x0020E0E0,0x0020EDE4,3332
FUN_0020ede8,0x0020EDE8,0x0020FA90,3240
FUN_0020fa90,0x0020FA90,0x002106F8,3176
FUN_002106f8,0x002106F8,0x0021084C,340
FUN_00210850,0x00210850,0x002109B4,356
FUN_002109b8,0x002109B8,0x00211408,2640
FUN_00211408,0x00211408,0x002116B8,688
FUN_002116b8,0x002116B8,0x00211728,112
FUN_00211728,0x00211728,0x00211808,224
FUN_00211808,0x00211808,0x00212C28,5152
FUN_00212c28,0x00212C28,0x00212D5C,308
FUN_00212d68,0x00212D68,0x00212E1C,180
FUN_00212e28,0x00212E28,0x00212EBC,148
FUN_00212ed8,0x00212ED8,0x00212F90,184
FUN_00212f90,0x00212F90,0x002130D8,328
FUN_002130d8,0x002130D8,0x0021322C,340
FUN_00213260,0x00213260,0x0021329C,60
FUN_002132a8,0x002132A8,0x00213304,92
FUN_00213308,0x00213308,0x00213358,80
FUN_00213358,0x00213358,0x002133D0,120
FUN_002133d0,0x002133D0,0x00213464,148
FUN_00213508,0x00213508,0x0021357C,116
FUN_002135f0,0x002135F0,0x002136E8,248
FUN_00213700,0x00213700,0x00213920,544
FUN_00213ed8,0x00213ED8,0x00213F2C,84
FUN_00213f38,0x00213F38,0x00214100,456
FUN_00214128,0x00214128,0x002141E4,188
FUN_00214228,0x00214228,0x00214258,48
FUN_00214260,0x00214260,0x002144D4,628
FUN_002144d8,0x002144D8,0x00214524,76
FUN_00214530,0x00214530,0x00214594,100
FUN_00214598,0x00214598,0x002146BC,292
FUN_00214720,0x00214720,0x002147F8,216
FUN_00214800,0x00214800,0x0021488C,140
FUN_00214890,0x00214890,0x00214938,168
FUN_00214970,0x00214970,0x00214A90,288
FUN_00214a98,0x00214A98,0x00214BC0,296
FUN_00214bc0,0x00214BC0,0x00214C44,132
FUN_00214c48,0x00214C48,0x00214CC4,124
FUN_00214cc8,0x00214CC8,0x00214D54,140
FUN_00214db0,0x00214DB0,0x00214E4C,156
FUN_00214e58,0x00214E58,0x002150D0,632
FUN_00215130,0x00215130,0x002151D4,164
FUN_002151d8,0x002151D8,0x00215248,112
FUN_00215248,0x00215248,0x00215290,72
FUN_00215290,0x00215290,0x00215300,112
FUN_00215300,0x00215300,0x00215348,72
FUN_00215348,0x00215348,0x00215390,72
FUN_00215390,0x00215390,0x00215420,144
FUN_00215420,0x00215420,0x00215440,32
FUN_00215440,0x00215440,0x00215514,212
FUN_00215518,0x00215518,0x00215600,232
FUN_00215600,0x00215600,0x002156D4,212
FUN_002156d8,0x002156D8,0x002157D0,248
FUN_002157d0,0x002157D0,0x0021589C,204
FUN_002158a0,0x002158A0,0x0021596C,204
FUN_00215970,0x00215970,0x00215B0C,412
FUN_00215b10,0x00215B10,0x00215B68,88
FUN_00215b68,0x00215B68,0x00215C3C,212
FUN_00215c40,0x00215C40,0x00215D14,212
FUN_00215d18,0x00215D18,0x00215DFC,228
FUN_00215e00,0x00215E00,0x00215EE0,224
FUN_00215ee8,0x00215EE8,0x00216050,360
FUN_00216050,0x00216050,0x00216084,52
FUN_00216088,0x00216088,0x002160A4,28
FUN_002160a8,0x002160A8,0x00216290,488
FUN_00216290,0x00216290,0x002166E4,1108
FUN_002166e8,0x002166E8,0x00216728,64
FUN_00216728,0x00216728,0x00216788,96
FUN_00216788,0x00216788,0x00216828,160
FUN_00216828,0x00216828,0x002168A4,124
FUN_002168a8,0x002168A8,0x00216950,168
FUN_00216950,0x00216950,0x00216990,64
FUN_002169c0,0x002169C0,0x00216A1C,92
FUN_00216a20,0x00216A20,0x00216A7C,92
FUN_00216b68,0x00216B68,0x00216BC0,88
FUN_00216c48,0x00216C48,0x00217020,984
FUN_00217020,0x00217020,0x00217034,20
FUN_00217048,0x00217048,0x002170C8,128
FUN_002170c8,0x002170C8,0x002172BC,500
FUN_002172c0,0x002172C0,0x00217324,100
FUN_00217328,0x00217328,0x00217A10,1764
FUN_00217a10,0x00217A10,0x00217A30,32
FUN_00217a30,0x00217A30,0x00217B80,244
FUN_00217b88,0x00217B88,0x00217C14,140
FUN_00217c18,0x00217C18,0x0021880C,3060
FUN_0021880c,0x0021880C,0x0021887C,112
FUN_00218888,0x00218888,0x00218A5C,468
FUN_00218d10,0x00218D10,0x00218D78,104
FUN_00218d78,0x00218D78,0x00218F4C,468
FUN_00218f68,0x00218F68,0x00218F94,44
FUN_00218f98,0x00218F98,0x002191B8,544
FUN_002191b8,0x002191B8,0x002192A8,240
FUN_002192a8,0x002192A8,0x002196B4,1036
FUN_002196b8,0x002196B8,0x00219D7C,1728
FUN_00219e10,0x00219E10,0x00219F9C,396
FUN_00219fa0,0x00219FA0,0x0021A1AC,524
FUN_0021a1e0,0x0021A1E0,0x0021A304,292
FUN_0021a328,0x0021A328,0x0021ABF4,2252
FUN_0021abf8,0x0021ABF8,0x0021B1C8,1488
FUN_0021b1c8,0x0021B1C8,0x0021B6D4,1292
FUN_0021b6d8,0x0021B6D8,0x0021B7A8,208
FUN_0021b858,0x0021B858,0x0021BD94,1340
FUN_0021bda0,0x0021BDA0,0x0021BE5C,188
FUN_0021be60,0x0021BE60,0x0021C41C,1468
FUN_0021c420,0x0021C420,0x0021C4BC,156
FUN_0021c4c0,0x0021C4C0,0x0021C7A0,736
FUN_0021c7a0,0x0021C7A0,0x0021C9C8,552
FUN_0021cae0,0x0021CAE0,0x0021CB00,32
FUN_0021cb30,0x0021CB30,0x0021CE00,720
FUN_0021ce00,0x0021CE00,0x0021D168,872
FUN_0021d1f8,0x0021D1F8,0x0021D2C4,204
FUN_0021d2c8,0x0021D2C8,0x0021D334,108
FUN_0021d338,0x0021D338,0x0021D4A4,364
FUN_0021d4a8,0x0021D4A8,0x0021D948,1184
FUN_0021d948,0x0021D948,0x0021DDCC,1156
FUN_0021ddf8,0x0021DDF8,0x0021DF28,304
FUN_0021df58,0x0021DF58,0x0021DF94,60
FUN_0021df98,0x0021DF98,0x0021E10C,372
FUN_0021e110,0x0021E110,0x0021E1F4,228
FUN_0021e1f8,0x0021E1F8,0x0021E230,56
FUN_0021e230,0x0021E230,0x0021E608,984
FUN_0021e608,0x0021E608,0x0021E694,140
FUN_0021e698,0x0021E698,0x0021E7C8,304
FUN_0021e890,0x0021E890,0x0021EA48,440
FUN_0021ea48,0x0021EA48,0x0021EAF0,168
FUN_0021eaf0,0x0021EAF0,0x0021EB20,48
FUN_0021eb20,0x0021EB20,0x0021EF74,1108
FUN_0021ef78,0x0021EF78,0x0021F120,424
FUN_0021f120,0x0021F120,0x0021F158,56
FUN_0021f158,0x0021F158,0x0021F32C,468
FUN_0021f330,0x0021F330,0x0021F368,56
FUN_0021f368,0x0021F368,0x0021F5F4,652
FUN_0021f5f8,0x0021F5F8,0x0021F688,144
FUN_0021f688,0x0021F688,0x0021F8E8,608
FUN_0021f8e8,0x0021F8E8,0x0021F98C,164
FUN_0021f990,0x0021F990,0x0021FC68,728
FUN_0021fc68,0x0021FC68,0x0021FCDC,116
FUN_0021fce0,0x0021FCE0,0x0021FD74,148
FUN_0021fd78,0x0021FD78,0x0021FDC4,76
FUN_0021fdc8,0x0021FDC8,0x00220344,1404
FUN_00220348,0x00220348,0x00220644,764
FUN_00220648,0x00220648,0x0022078C,324
FUN_00220790,0x00220790,0x00220850,192
FUN_00220850,0x00220850,0x00220B20,720
FUN_00220b20,0x00220B20,0x00220E24,772
FUN_00220e28,0x00220E28,0x0022102C,516
FUN_00221030,0x00221030,0x002212B4,644
FUN_002212b8,0x002212B8,0x00221460,424
FUN_00221460,0x00221460,0x002215F4,404
FUN_002216c0,0x002216C0,0x002217F4,308
FUN_00221930,0x00221930,0x00221968,56
FUN_00221968,0x00221968,0x00221A44,220
FUN_00221a48,0x00221A48,0x00221A84,60
FUN_00221a88,0x00221A88,0x00221AB8,48
FUN_00221b50,0x00221B50,0x00221D24,468
FUN_00221d68,0x00221D68,0x00221E4C,228
FUN_00221e50,0x00221E50,0x00221F58,264
FUN_00221f58,0x00221F58,0x002220F0,408
FUN_002220f0,0x002220F0,0x0022228C,412
FUN_00222290,0x00222290,0x002223D4,324
FUN_002223f0,0x002223F0,0x00222768,888
FUN_00222768,0x00222768,0x00222948,480
FUN_00222948,0x00222948,0x00222A98,336
FUN_00222a98,0x00222A98,0x00222D94,764
FUN_00222d98,0x00222D98,0x00222F14,380
FUN_00222f18,0x00222F18,0x00222F54,60
FUN_00222f58,0x00222F58,0x00222F88,48
FUN_00222f88,0x00222F88,0x002232D8,848
FUN_002232d8,0x002232D8,0x002235B4,732
FUN_002235b8,0x002235B8,0x002239E0,1064
FUN_002239e0,0x002239E0,0x00223E28,1096
FUN_00223e28,0x00223E28,0x002240C4,668
FUN_002240c8,0x002240C8,0x002242B4,492
FUN_002242b8,0x002242B8,0x00224368,176
FUN_00224368,0x00224368,0x00224B60,2040
FUN_00224b70,0x00224B70,0x00224D24,436
FUN_00224d28,0x00224D28,0x00224E14,236
FUN_00224e18,0x00224E18,0x00224FC0,424
FUN_00224fc0,0x00224FC0,0x002250F0,304
FUN_002250f0,0x002250F0,0x00225180,144
FUN_00225180,0x00225180,0x00225490,784
FUN_00225490,0x00225490,0x00225530,160
FUN_00225530,0x00225530,0x00225574,68
FUN_00225660,0x00225660,0x002256E4,132
FUN_002256e8,0x002256E8,0x00225A64,892
FUN_00225a68,0x00225A68,0x00225AB8,80
FUN_00225ac0,0x00225AC0,0x00225C14,340
FUN_00225c18,0x00225C18,0x00225CD4,188
FUN_00225cd8,0x00225CD8,0x00225D88,176
FUN_00225d88,0x00225D88,0x00225DD8,80
FUN_00225dd8,0x00225DD8,0x00225E1C,68
FUN_00225e20,0x00225E20,0x00225E6C,76
FUN_00225e70,0x00225E70,0x002265D4,1892
FUN_002265d8,0x002265D8,0x0022666C,148
FUN_00226670,0x00226670,0x00226714,164
FUN_00226718,0x00226718,0x00226774,92
FUN_00226778,0x00226778,0x002267B8,64
FUN_002267b8,0x002267B8,0x00226848,144
FUN_00226848,0x00226848,0x002269C0,376
FUN_002269c0,0x002269C0,0x00226A70,176
FUN_00226a70,0x00226A70,0x00226B08,152
FUN_00226b08,0x00226B08,0x00226E04,764
FUN_00226e08,0x00226E08,0x00226E58,80
FUN_00226e58,0x00226E58,0x00226F44,236
FUN_00226f50,0x00226F50,0x00226FA0,80
FUN_00226fb8,0x00226FB8,0x002270E8,304
FUN_002270e8,0x002270E8,0x0022713C,84
FUN_00227140,0x00227140,0x002271D0,144
FUN_002271d0,0x002271D0,0x00227378,424
FUN_00227378,0x00227378,0x00227544,460
FUN_00227548,0x00227548,0x0022773C,500
FUN_00227740,0x00227740,0x00227A08,712
FUN_00227a08,0x00227A08,0x00227D80,888
FUN_00227d80,0x00227D80,0x00227ECC,332
FUN_00227ed0,0x00227ED0,0x0022851C,1612
FUN_00228520,0x00228520,0x00228594,116
FUN_00228598,0x00228598,0x002288EC,852
FUN_002288f0,0x002288F0,0x00228A2C,316
FUN_00228a30,0x00228A30,0x00228B34,260
FUN_00228b38,0x00228B38,0x00228BE8,176
FUN_00228be8,0x00228BE8,0x0022A32C,5956
FUN_0022a330,0x0022A330,0x0022A5DC,684
FUN_0022a5e0,0x0022A5E0,0x0022AB94,1460
FUN_0022ae70,0x0022AE70,0x0022B284,1044
FUN_0022b288,0x0022B288,0x0022B4C8,576
FUN_0022b4c8,0x0022B4C8,0x0022B554,140
FUN_0022b558,0x0022B558,0x0022B684,300
FUN_0022b690,0x0022B690,0x0022B6E8,88
FUN_0022b6e8,0x0022B6E8,0x0022B924,572
FUN_0022b928,0x0022B928,0x0022BB9C,628
FUN_0022bba0,0x0022BBA0,0x0022BEC4,804
FUN_0022bec4,0x0022BEC4,0x0022BF94,208
FUN_0022bf94,0x0022BF94,0x0022C0E0,332
FUN_0022c0e0,0x0022C0E0,0x0022C208,296
FUN_0022c208,0x0022C208,0x0022C4C4,700
FUN_0022c4c8,0x0022C4C8,0x0022C5A8,224
FUN_0022c5a8,0x0022C5A8,0x0022C654,172
FUN_0022c658,0x0022C658,0x0022C6F4,156
FUN_0022c6f8,0x0022C6F8,0x0022C7E4,236
FUN_0022c7e8,0x0022C7E8,0x0022C82C,68
FUN_0022c830,0x0022C830,0x0022C8D0,160
FUN_0022c8d0,0x0022C8D0,0x0022CA4C,380
FUN_0022ca50,0x0022CA50,0x0022D704,3252
FUN_0022d708,0x0022D708,0x0022D78C,132
FUN_0022d798,0x0022D798,0x0022D7EC,84
FUN_0022d7f0,0x0022D7F0,0x0022DA64,628
FUN_0022da68,0x0022DA68,0x0022DB0C,164
FUN_0022db10,0x0022DB10,0x0022DB9C,140
FUN_0022dba0,0x0022DBA0,0x0022DC34,148
FUN_0022dc50,0x0022DC50,0x0022DCC8,120
FUN_0022dcd0,0x0022DCD0,0x0022DD78,168
FUN_0022de10,0x0022DE10,0x0022DF40,304
FUN_0022df40,0x0022DF40,0x0022E16C,556
FUN_0022e188,0x0022E188,0x0022E1A4,28
FUN_0022e420,0x0022E420,0x0022E8C4,1188
FUN_0022e8c8,0x0022E8C8,0x0022EA04,316
FUN_0022ea08,0x0022EA08,0x0022EAA8,160
FUN_0022eaa8,0x0022EAA8,0x0022F284,2012
FUN_0022f288,0x0022F288,0x0022F5B0,808
FUN_0022f5b0,0x0022F5B0,0x0022F778,456
FUN_0022f778,0x0022F778,0x00230EE4,5996
FUN_00230ee8,0x00230EE8,0x00230F60,120
FUN_00230f60,0x00230F60,0x00231608,1704
FUN_00231608,0x00231608,0x002316E8,224
FUN_002316e8,0x002316E8,0x00231874,396
FUN_00231878,0x00231878,0x00231BD4,860
FUN_00231bd8,0x00231BD8,0x00231FF0,1048
FUN_00231ff0,0x00231FF0,0x002327A0,1968
FUN_002327a0,0x002327A0,0x00232CE0,1344
FUN_00232ce0,0x00232CE0,0x00232CFC,28
FUN_00232d00,0x00232D00,0x00232E3C,312
FUN_00232e40,0x00232E40,0x00232F20,224
FUN_00232f20,0x00232F20,0x00233038,280
FUN_00233038,0x00233038,0x00233060,40
FUN_00233068,0x00233068,0x002331C0,344
FUN_002331c0,0x002331C0,0x00233304,324
FUN_00233308,0x00233308,0x002333A4,156
FUN_002333a8,0x002333A8,0x002334D0,296
FUN_002334d8,0x002334D8,0x002335A0,200
FUN_002335a0,0x002335A0,0x002335CC,44
FUN_002335d0,0x002335D0,0x0023362C,92
FUN_00233630,0x00233630,0x002336A0,112
FUN_002336a0,0x002336A0,0x002337B0,272
FUN_002337b0,0x002337B0,0x00233830,128
FUN_00233830,0x00233830,0x0023387C,76
FUN_00233888,0x00233888,0x0023392C,164
FUN_00233938,0x00233938,0x00233980,72
FUN_00233980,0x00233980,0x00233A34,180
FUN_00233a40,0x00233A40,0x00233B5C,284
FUN_00233b68,0x00233B68,0x00233BC4,92
FUN_00233bc8,0x00233BC8,0x00233C24,92
FUN_00233c28,0x00233C28,0x00233C84,92
FUN_00233c90,0x00233C90,0x00233CEC,92
FUN_00233d00,0x00233D00,0x00233D90,144
FUN_00233d90,0x00233D90,0x00233E00,112
sub_00233E00,0x00233E00,0x00233F00,256
FUN_00233f00,0x00233F00,0x00233F74,116
FUN_00233f78,0x00233F78,0x00233FAC,52
FUN_00233fb0,0x00233FB0,0x00234BD8,3112
FUN_00234bd8,0x00234BD8,0x00234D44,364
FUN_00234d48,0x00234D48,0x00234F98,592
FUN_00234f98,0x00234F98,0x0023563C,1700
FUN_00235640,0x00235640,0x0023577C,316
FUN_00235780,0x00235780,0x00235840,192
FUN_00235840,0x00235840,0x00235894,84
FUN_00235898,0x00235898,0x002358C4,44
FUN_002358c8,0x002358C8,0x00235990,200
FUN_00235990,0x00235990,0x00235BE8,600
FUN_00235be8,0x00235BE8,0x002370BC,5332
FUN_002370c0,0x002370C0,0x0023736C,684
FUN_00237370,0x00237370,0x00237A6C,1788
FUN_00237a70,0x00237A70,0x00237A78,8
FUN_00237a78,0x00237A78,0x00237C7C,516
FUN_00237c80,0x00237C80,0x00237E64,484
FUN_00237e90,0x00237E90,0x00237ECC,60
FUN_00237ed0,0x00237ED0,0x002382F4,1060
FUN_00238310,0x00238310,0x00238520,528
FUN_00238520,0x00238520,0x0023862C,268
FUN_00238630,0x00238630,0x00238688,88
FUN_00238688,0x00238688,0x002386E8,96
FUN_002386e8,0x002386E8,0x002389DC,756
FUN_002389e0,0x002389E0,0x00238F04,1316
FUN_00238f08,0x00238F08,0x0023915C,596
FUN_00239160,0x00239160,0x0023931C,444
FUN_00239328,0x00239328,0x0023968C,868
FUN_00239690,0x00239690,0x0023974C,188
FUN_00239750,0x00239750,0x0023977C,44
FUN_00239780,0x00239780,0x00239D4C,1372
FUN_00239d60,0x00239D60,0x00239F24,452
FUN_00239f58,0x00239F58,0x0023A24C,756
FUN_0023a318,0x0023A318,0x0023A3B4,156
FUN_0023a3b8,0x0023A3B8,0x0023A460,168
FUN_0023a460,0x0023A460,0x0023A770,776
FUN_0023a770,0x0023A770,0x0023A78C,28
FUN_0023a790,0x0023A790,0x0023A7BC,44
FUN_0023a7c0,0x0023A7C0,0x0023AA64,676
FUN_0023aa68,0x0023AA68,0x0023AB74,268
FUN_0023ab78,0x0023AB78,0x0023AB9C,36
FUN_0023aba0,0x0023ABA0,0x0023ABCC,44
FUN_0023abd0,0x0023ABD0,0x0023AC8C,188
FUN_0023ac90,0x0023AC90,0x0023ACB0,32
FUN_0023acb8,0x0023ACB8,0x0023AD10,88
FUN_0023ad10,0x0023AD10,0x0023AD54,68
FUN_0023ad58,0x0023AD58,0x0023AE28,208
FUN_0023ae28,0x0023AE28,0x0023AEDC,180
FUN_0023aee0,0x0023AEE0,0x0023AEF0,16
FUN_0023aef0,0x0023AEF0,0x0023AF14,36
FUN_0023af18,0x0023AF18,0x0023AFC0,168
FUN_0023afc0,0x0023AFC0,0x0023B20C,588
FUN_0023b210,0x0023B210,0x0023B3D4,452
FUN_0023b3d8,0x0023B3D8,0x0023B540,360
FUN_0023b540,0x0023B540,0x0023B58C,76
FUN_0023b590,0x0023B590,0x0023B5DC,76
FUN_0023b5e0,0x0023B5E0,0x0023B5F0,16
FUN_0023b5f0,0x0023B5F0,0x0023B728,312
FUN_0023b728,0x0023B728,0x0023B80C,228
FUN_0023b810,0x0023B810,0x0023B940,304
FUN_0023b940,0x0023B940,0x0023B958,24
FUN_0023b958,0x0023B958,0x0023B960,8
FUN_0023b960,0x0023B960,0x0023B990,48
FUN_0023b990,0x0023B990,0x0023B9D4,68
FUN_0023b9d8,0x0023B9D8,0x0023BA20,72
FUN_0023ba20,0x0023BA20,0x0023BA44,36
FUN_0023ba48,0x0023BA48,0x0023BA58,16
FUN_0023ba58,0x0023BA58,0x0023BA60,8
FUN_0023ba60,0x0023BA60,0x0023BAF8,152
FUN_0023baf8,0x0023BAF8,0x0023BB3C,68
FUN_0023bb40,0x0023BB40,0x0023BBAC,108
FUN_0023bbb0,0x0023BBB0,0x0023BC1C,108
FUN_0023bc20,0x0023BC20,0x0023BC44,36
FUN_0023bc48,0x0023BC48,0x0023BCC0,120
FUN_0023bcc0,0x0023BCC0,0x0023BE20,352
FUN_0023be20,0x0023BE20,0x0023BF14,244
FUN_0023bf18,0x0023BF18,0x0023BF6C,84
FUN_0023bf70,0x0023BF70,0x0023C16C,508
FUN_0023c170,0x0023C170,0x0023C280,272
FUN_0023c280,0x0023C280,0x0023C5B8,824
FUN_0023c5b8,0x0023C5B8,0x0023C610,88
FUN_0023c610,0x0023C610,0x0023C65C,76
FUN_0023c660,0x0023C660,0x0023C6B4,84
FUN_0023c6b8,0x0023C6B8,0x0023C80C,340
FUN_0023c810,0x0023C810,0x0023C920,272
FUN_0023c920,0x0023C920,0x0023CAC4,420
FUN_0023cac8,0x0023CAC8,0x0023CBC8,256
FUN_0023cbd0,0x0023CBD0,0x0023CBF0,32
FUN_0023cbf0,0x0023CBF0,0x0023CC0C,28
FUN_0023cc10,0x0023CC10,0x0023CC2C,28
FUN_0023cc30,0x0023CC30,0x0023CC38,8
FUN_0023cc38,0x0023CC38,0x0023CC6C,52
FUN_0023cc70,0x0023CC70,0x0023CC7C,12
FUN_0023cc80,0x0023CC80,0x0023CC88,8
FUN_0023cc88,0x0023CC88,0x0023CC94,12
FUN_0023cc98,0x0023CC98,0x0023CCE0,72
FUN_0023cce0,0x0023CCE0,0x0023CCFC,28
FUN_0023cd08,0x0023CD08,0x0023CDE0,216
FUN_0023cde0,0x0023CDE0,0x0023CE28,72
FUN_0023ce28,0x0023CE28,0x0023CEC4,156
FUN_0023cec8,0x0023CEC8,0x0023D07C,432
FUN_0023d080,0x0023D080,0x0023D0A8,40
FUN_0023d0a8,0x0023D0A8,0x0023D0E0,56
FUN_0023d140,0x0023D140,0x0023D190,80
FUN_0023d190,0x0023D190,0x0023D1DC,76
FUN_0023d1e0,0x0023D1E0,0x0023D1E8,8
FUN_0023d1e8,0x0023D1E8,0x0023D1F8,16
FUN_0023d1f8,0x0023D1F8,0x0023D20C,20
FUN_0023d210,0x0023D210,0x0023D288,120
FUN_0023d288,0x0023D288,0x0023D2C8,64
FUN_0023d2c8,0x0023D2C8,0x0023D2D4,12
FUN_0023d2d8,0x0023D2D8,0x0023D33C,100
FUN_0023d340,0x0023D340,0x0023D360,32
